,제목,평점,장르,줄거리
0,극장판 귀멸의 칼날: 무한열차편,9,애니메이션,"혈귀로 변해버린 여동생 ‘네즈코’를 인간으로 되돌릴 단서를 찾아 비밀조직 귀살대에 들어간 ‘탄지로.’‘젠이츠’, ‘이노스케’와 새로운 임무 수행을 위해 무한열차에 탑승 후귀살대 최강 검사 염주 ‘렌고쿠’와 합류한다.달리는 무한열차에서 승객들이 하나 둘 흔적 없이 사라지자숨어있는 식인 혈귀의 존재를 직감하는 ‘렌고쿠’.귀살대 ‘탄지로’ 일행과 최강 검사 염주 ‘렌고쿠’는어둠 속을 달리는 무한열차에서 모두의 목숨을 구하기 위해예측불가능한 능력을 가진 혈귀와 목숨을 건 혈전을 시작하는데…"
1,콰이어트 플레이스,7,공포/스릴러,소리를 내는 순간 공격받는 극한의 상황 속에서 살아남기 위한 한 가족의 숨막히는 사투를 그린 이야기< 생존 법칙 >1. 어떤 소리도 내지 말 것2. 아무 말도 하지 말 것3. 붉은 등이 켜지면 무조건 도망갈 것
2,킬러의 보디가드,8,액션,"세상 제일 잘난 맛에 사는 섭외 1순위 앵그리 보디가드가지명수배 1순위 구강 액션 지존 킬러를 보호하게 되면서 벌어지는누가 누구를 지키는 지 모를, 서로 못 죽여서 안달 난브로맨스 제로, 환장 케미의 킬링 액션 블록버스터"
3,파이프라인,6,액션,"손만 대면 대박을 터트리는 도유 업계 최고 천공기술자 ‘핀돌이’는수천억의 기름을 빼돌리기 위해 거대한 판을 짠 대기업 후계자 ‘건우’의거부할 수 없는 제안에 빠져 위험천만한 도유 작전에 합류한다.프로 용접공 '접새', 땅 속을 장기판처럼 꿰고 있는 '나과장',괴력의 인간 굴착기 '큰삽', 이 모든 이들을 감시하는 '카운터'까지!그러나 저마다 다른 목적을 가진 이들이 서로를 속고 속이면서계획은 예상치 못한 방향으로 흘러가기 시작하는데...인생 역전을 꿈꾸는 여섯 명의 도유꾼들그들의 막장 팀플레이가 시작된다!"
4,소울,9,애니메이션,"뉴욕에서 음악 선생님으로 일하던 ‘조’는꿈에 그리던 최고의 밴드와 재즈 클럽에서 연주하게 된 그 날,예기치 못한 사고로 영혼이 되어 ‘태어나기 전 세상’에 떨어진다.탄생 전 영혼들이 멘토와 함께 자신의 관심사를 발견하면 지구 통행증을 발급하는 ‘태어나기 전 세상’‘조’는 그 곳에서 유일하게 지구에 가고 싶어하지 않는 시니컬한 영혼 ‘22’의 멘토가 된다.링컨, 간디, 테레사 수녀도 멘토되길 포기한 영혼 ‘22’꿈의 무대에 서려면 ‘22’의 지구 통행증이 필요한 ‘조’그는 다시 지구로 돌아가 꿈의 무대에 설 수 있을까?"
6,크루즈 패밀리: 뉴 에이지,9,액션,"동굴을 떠나 새로운 거주지를 찾아 나선 크루즈 패밀리.우여곡절 끝에 찾은 완벽한 트리 하우스에서 진화된 인류, 베터맨 패밀리와 마주한다.도구를 사용하고 ‘집’에서 안전하게 살아가는 지능형 베터맨 패밀리와맨손으로 사냥하고 자연과 함께 살아가는 본능형 크루즈 패밀리는너무나도 다른 삶의 방식으로 사사건건 부딪힌다.반면 처음으로 여자 사람친구를 만난 ‘이프’와 ‘던’은 가족들과 달리 우정을 쌓아가지만점점 두 가족에게 예상치 못한 위협이 닥쳐오는데…"
7,미나리,7,드라마,"""미나리는 어디서든 잘 자라""낯선 미국, 아칸소로 떠나온 한국 가족.가족들에게 뭔가 해내는 걸 보여주고 싶은 아빠 '제이콥'(스티븐 연)은자신만의 농장을 가꾸기 시작하고 엄마 '모니카'(한예리)도 다시 일자리를 찾는다.아직 어린 아이들을 위해 ‘모니카’의 엄마 ‘순자’(윤여정)가 함께 살기로 하고가방 가득 고춧가루, 멸치, 한약 그리고 미나리씨를 담은 할머니가 도착한다.의젓한 큰딸 '앤'(노엘 케이트 조)과 장난꾸러기 막내아들 '데이빗'(앨런 김)은여느 그랜마같지 않은 할머니가 영- 못마땅한데…함께 있다면, 새로 시작할 수 있다는 희망으로하루하루 뿌리 내리며 살아가는어느 가족의 아주 특별한 여정이 시작된다!"
10,더 스파이,8,공포/스릴러,"전운이 감도는 1960년 냉전시대, 소련 군사정보국 ‘올레크 대령’은정부의 눈을 피해 핵전쟁 위기를 막을 중대 기밀을 CIA에 전하고자 한다.CIA는 MI6와 협력하여 소련의 기밀 문서를 입수하기 위해영국 사업가 ‘그레빌 윈’을 스파이로 고용해 잠입에 성공한다.정체를 감춘 채 런던과 모스크바를 오가는 ‘그레빌 윈’과 ‘올레크 대령’의은밀하고 위험한 관계가 계속될수록 KGB의 의심은 커져가는데...가장 평범한 사람의 가장 위대한 첩보 실화때론, 한 사람의 용기가 세상을 바꾼다!"
11,자산어보,9,드라마,"“이 양반은 대역 죄인이니 너무 잘해줄 생각들 말어”순조 1년, 신유박해로 세상의 끝 흑산도로 유배된 ‘정약전’.호기심 많은 '정약전'은 그 곳에서 바다 생물에 매료되어 책을 쓰기로 한다.이에 바다를 훤히 알고 있는 청년 어부 ‘창대’에게 도움을 구하지만‘창대’는 죄인을 도울 수 없다며 단칼에 거절한다.“내가 아는 지식과 너의 물고기 지식을 바꾸자""‘창대’가 혼자 글 공부를 하며 어려움을 겪고 있다는 것을 알게 된 ‘정약전’은 서로의 지식을 거래하자고 제안하고거래라는 말에 ‘창대’는 못 이기는 척 받아들인다.둘은 티격태격하면서도 점차 서로의 스승이자 벗이 되어 간다.""너 공부해서 출세하고 싶지?""그러던 중 '창대'가 출세하기 위해 공부에 매진했다는 사실을 알게 된 '정약전'은 크게 실망한다.‘창대’ 역시 '정약전'과는 길이 다르다는 것을 깨닫고'정약전'의 곁을 떠나 세상 밖으로 나가고자 결심하는데..."
12,어벤져스: 엔드게임,9,액션,인피니티 워 이후 절반만 살아남은 지구마지막 희망이 된 어벤져스먼저 떠난 그들을 위해 모든 것을 걸었다!위대한 어벤져스운명을 바꿀 최후의 전쟁이 펼쳐진다!
13,노바디 ,8,액션,"비범한 과거를 숨긴 채 남들과 다를 바 없는 평범한 일상을 사는 한 가정의 가장 ‘허치’매일 출근을 하고, 분리수거를 하고 일과 가정 모두 나름 최선을 다하지만아들한테는 무시당하고 아내와의 관계도 소원하다.그러던 어느 날, 집안에 강도가 들고 허치는 한 번의 반항도 하지 못하고 당한다.더 큰 위험으로부터 가족을 지키기 위한 선택이었는데 모두 무능력하다고 ‘허치’를 비난하고,결국 그동안 참고 억눌렀던 분노가 폭발하고 만다."
14,크루엘라,9,드라마,"처음부터 난 알았어. 내가 특별하단 걸그게 불편한 인간들도 있겠지만 모두의 비위를 맞출 수는 없잖아?그러다 보니 결국, 학교를 계속 다닐 수가 없었지우여곡절 런던에 오게 된 나, 에스텔라는 재스퍼와 호레이스를 운명처럼 만났고나의 뛰어난 패션 감각을 이용해 완벽한 변장과 빠른 손놀림으로 런던 거리를 싹쓸이 했어도둑질이 지겹게 느껴질 때쯤, 꿈에 그리던 리버티 백화점에 낙하산(?)으로 들어가게 됐어거리를 떠돌았지만 패션을 향한 나의 열정만큼은 언제나 진심이었거든근데 이게 뭐야, 옷에는 손도 못 대보고 하루 종일 바닥 청소라니인내심에 한계를 느끼고 있을 때, 런던 패션계를 꽉 쥐고 있는 남작 부인이 나타났어천재는 천재를 알아보는 법! 난 남작 부인의 브랜드 디자이너로 들어가게 되었지꿈을 이룰 것 같았던 순간도 잠시, 세상에 남작 부인이 ‘그런 사람’이었을 줄이야…그래서 난 내가 누군지 보여주기로 했어잘가, 에스텔라난 이제 크루엘라야!"
15,라라랜드,8,드라마,"꿈을 꾸는 사람들을 위한 별들의 도시 ‘라라랜드’.재즈 피아니스트 ‘세바스찬’(라이언 고슬링)과 배우 지망생 ‘미아’(엠마 스톤),인생에서 가장 빛나는 순간 만난 두 사람은미완성인 서로의 무대를 만들어가기 시작한다."
16,라야와 마지막 드래곤,9,애니메이션,"인간과 드래곤이 평화롭게 공존하던 신비의 땅, 쿠만드라 왕국살아있는 모든 생명을 삼키는 악의 세력 '드룬'이 들이닥치자,드래곤들은 인간을 구하기 위해 스스로를 희생하고 전설 속으로 사라진다.500년 후 부활한 '드룬'이 또다시 세상을 공포에 빠뜨리자,전사 ‘라야’는 분열된 쿠만드라를 구하기 위해전설 속 마지막 드래곤을 찾아 모험을 떠난다.그러나, ‘라야’는 험난한 여정을 겪으며 세상을 구하기 위해서는전설 속 드래곤보다 더 중요한 것이 있다는 것을 깨닫게 되는데…"
17,노매드랜드,8,드라마,"경제적 붕괴로 도시 전체가 무너진 후 홀로 남겨진 ‘펀’.(프란시스 맥도맨드)추억이 깃든 도시를 떠나 작은 밴과 함께 한 번도 가보지 않은 낯선 길 위의 세상으로 떠난다.그 곳에서 ‘펀’은 각자의 사연을 가진 노매드들을 만나게 되고,광활한 자연과 길 위에서의 삶을 스스로 선택한 그들과 만나고 헤어지며다시 살아가기 위한 여정을 시작하는데…"
18,조커,8,드라마,고담시의 광대 아서 플렉은 코미디언을 꿈꾸는 남자.하지만 모두가 미쳐가는 코미디 같은 세상에서맨 정신으로는 그가 설 자리가 없음을 깨닫게 되는데…이제껏 본 적 없는 진짜 ‘조커’를 만나라!
21,그것: 두 번째 이야기,6,공포/스릴러,"27년마다 아이들이 사라지는 마을 데리, 또 다시 ‘그것’이 나타났다.27년 전, 가장 무서워하는 것의 모습으로 나타나 아이들을 잡아먹는 그것 페니와이즈에 맞섰던 ‘루저 클럽’ 친구들은 어른이 되어도 더 커져만 가는 그것의 공포를 끝내기 위해 피할 수 없는 마지막 대결에 나선다."
22,테넷,8,액션,시간의 흐름을 뒤집는 인버전을 통해 현재와 미래를 오가며 세상을 파괴하려는 사토르(케네스 브래너)를 막기 위해 투입된 작전의 주도자(존 데이비드 워싱턴). 인버전에 대한 정보를 가진 닐(로버트 패틴슨)과 미술품 감정사이자 사토르에 대한 복수심이 가득한 그의 아내 캣(엘리자베스 데비키)과 협력해 미래의 공격에 맞서 제3차 세계대전을 막아야 한다!
23,고질라 VS. 콩,8,액션,"거대 몬스터들의 습격을 받은 지 3년 후, 콩은 스컬 아일랜드를 떠나 인간들의 보호관찰을 받고 있다. 한편, 인간들에게 등을 돌린 고질라는 비밀연구회사인 에이펙스에 존재하는 알 수 없는 힘에 이끌려 그곳을 쑥대밭으로 만든다. 위기 상황 속, 지구 안의 또 다른 지구인 할로우 어스의 에너지원을 찾아야만 인류가 안전할 수 있다는 판단하고 콩의 보호자들은 콩과 특별한 유대감을 형성하는 아이 지아와 함께 타이탄들의 고향일지 모르는 그 곳으로 위험한 여정을 떠난다. 그러던 중 분노에 찬 고질라의 공격을 받고, 마침내 맞붙게 된 두 전설의 장대한 대결은 앞으로 닥쳐올 대재앙의 서막에 불과했는데…세상의 운명을 놓고, 지구상 가장 거대한 신화적 존재들의 스펙터클한 대격돌이 시작된다!"
24,알라딘,9,액션,"머나먼 사막 속 신비의 아그라바 왕국의 시대.좀도둑 ‘알라딘’은 마법사 ‘자파’의 의뢰로 마법 램프를 찾아 나섰다가주인에게 세 가지 소원을 들어주는 지니를 만나게 되고,자스민 공주의 마음을 얻으려다 생각도 못했던 모험에 휘말리게 되는데…"
25,밥정,9,다큐멘터리,"잔디, 잡초, 이끼, 나뭇가지.. 자연을 재료 삼아 요리를 만드는 방랑식객 임지호 셰프. 친어머니와 양어머니에 대한 아픈 사연을 간직한 그는 길에서 인연을 맺은 사람들에게 기꺼이 음식을 대접한다.지리산에서 만난 김순규 할머니를 길 위의 어머니로 10년간 모시지만, 끝끝내 찾아온 3번째 이별.임지호 셰프는 낳아주신, 길러주신, 그리고 마음을 나눠주신 3명의 어머니를 위해 3일 동안 108접시의 음식을 장만한다.‘밥’으로 ‘정’을 나누는 인생의 참맛, 더 늦기 전에 당신과 나누고 싶습니다…"
26,헝거게임 : 더 파이널,7,액션,"두 번의 헝거게임에서 살아남은 생존자 캣니스 에버딘. 그런 그녀를 향한 스노우 대통령의 공격은 더욱 거세지고 캣니스의 분노는 폭발한다.캣니스는 그를 멈추고 모든 것을 끝낼 수 있는 사람이 바로 자신임을 깨닫고, 13구역 군단에 합류한다. 철저하게 준비를 끝낸 캣니스와 최정예 요원들은 캐피톨 입성에 성공하지만 스노우 대통령이 설치한 함정들로 인해 목숨을 위협받는 위험한 상황에 처하게 된다.희생된 동료들을 뒤로한 채 가까스로 스노우 대통령과의 대결을 앞둔 캣니스에게 또 다른 충격적인 사건이 벌어지는데…마침내 최후의 승자가 결정된다!"
27,어벤져스: 인피니티 워,8,액션,"새로운 조합을 이룬 어벤져스,역대 최강 빌런 타노스에 맞서 세계의 운명이 걸린인피니티 스톤을 향한 무한 대결이 펼쳐진다!마블의 클라이맥스를 목격하라!"
29,잭 스나이더의 저스티스 리그,0,액션,"슈퍼맨이 죽고 지구에 어둠의 그림자가 드리운다. ‘마더박스’를 차지하기 위해 빌런 스테픈울프가 파라데몬 군단을 이끌고 지구에 온 것이다.지구를 지키기 위해 목숨을 바친 슈퍼맨의 희생이 헛되지 않도록 하기 위해 브루스 웨인은 다이애나 프린스와 적에 맞서기로 한다. 배트맨과 원더 우먼은 새로이 등장한 위협에 맞서 싸우기 위해 특별한 능력을 가진 메타휴먼, 아쿠아맨과 사이보그, 플래시를 찾아가 설득하여 힘을 합친다.드디어 한 팀이 된 저스티스 리그. 혹시 스테픈울프와 데사드 그리고 다크사이드를 물리치기에 너무 늦어버린 것이 아닐까?"
30,코코,9,액션,뮤지션을 꿈꾸는 소년 미구엘은 전설적인 가수 에르네스토의 기타에 손을 댔다 ‘죽은 자들의 세상’에 들어가게 된다.그리고 그곳에서 만난 의문의 사나이 헥터와 함께 상상조차 못했던 모험을 시작하게 되는데…과연 ‘죽은 자들의 세상’에 숨겨진 비밀은? 그리고 미구엘은 무사히 현실로 돌아올 수 있을까?
33,500일의 썸머,8,코미디,운명적 사랑을 믿는 남자 ‘톰’모든 것이 특별한 여자 ‘썸머’에 완전히 빠졌다.사랑은 환상일 뿐이라고 생각하는 여자 ‘썸머’친구인 듯 연인 같은 ‘톰’과의 부담 없는 썸이 즐겁다.“저기… 우리는 무슨 관계야?”설렘으로 가득한 시간도 잠시두 사람에게도 피할 수 없는 선택의 순간이 찾아오는데…“우리 모두의 단짠단짠 연애담!”설레는 1일부터 씁쓸한 500일까지서로 다른 남녀의 극사실주의 하트시그널!
34,도굴,7,액션,"흙 맛만 봐도 보물을 찾아내는 타고난 천재 도굴꾼 강동구(이제훈).자칭 한국의 '인디아나 존스'로 불리는 고분벽화 도굴 전문가 존스 박사(조우진), 전설의 삽질 달인 삽다리(임원희)를 만나 환상(?)의 팀플레이를 자랑하며 위험천만하고도 짜릿한 도굴의 판을 키운다.한편, 그의 재능을 알아본 고미술계 엘리트 큐레이터 윤실장(신혜선)은강동구에게 매력적이면서도 위험한 거래를 제안하는데...!황영사 금동불상, 고구려 고분벽화 그리고 서울 강남 한복판 선릉까지!팔수록 판이 커지는 도굴의 세계!급이 다른 삽질이 시작된다!"
35,분노의 질주: 홉스&쇼,7,액션,공식적으로만 세상을 4번 구한 전직 베테랑 경찰 ‘루크 홉스’(드웨인 존슨)분노 조절 실패로 쫓겨난 전직 특수요원 ‘데카드 쇼’(제이슨 스타뎀)99.9% 완벽히 다른 두 남자는 전 세계를 위협하는 불가능한 미션을 해결하기 위해어쩔 수 없이 한 팀이 되고 마는데…
36,애프터: 그 후,8,멜로,"""너만의 테사는 더 이상 없어!""첫사랑 하딘이 자신과의 연애를 내기에 걸었다는 비밀을 알게 된 '테사'둘은 헤어지지만 서로의 살결과 숨결을 끊지 못하며 아슬아슬한 썸을 이어간다.이후 대학 졸업을 앞둔 취준생 테사는 대형 출판사의 인턴십에 합격하고거친 하딘과는 180도 다른 젠틀한 직장 남사친 '트레버'를 만나게 된다.""테사의 두 번째 남자를 만났다""런던으로 떠나기 전에 테사를 향한 진심을 전하고 싶었던 '하딘'테사의 용서를 기다리며 과거의 잘못을 하나씩 고쳐나간다.워크숍 파티에서 취한 테사의 연락에 하딘은 기대 반, 걱정 반 마음으로결국 테사의 호텔 룸에 찾아가고, 샤워실에서 그녀석 '트레버'와 마주치는데…"
37,다만 악에서 구하소서,7,액션,"태국에서 충격적인 납치사건이 발생하고 마지막 청부살인 미션을 끝낸 암살자 인남(황정민)은 그것이 자신과 관계된 것임을 알게 된다.인남은 곧바로 태국으로 향하고, 조력자 유이(박정민)를 만나 사건을 쫓기 시작한다.한편, 자신의 형제가 인남에게 암살당한 것을 알게 된 레이(이정재). 무자비한 복수를 계획한 레이는 인남을 추격하기 위해 태국으로 향하는데...처절한 암살자 VS 무자비한 추격자멈출 수 없는 두 남자의 지독한 추격이 시작된다!"
38,노트북,9,드라마,"17살, ‘노아’는 밝고 순수한 ‘앨리’를 보고 첫눈에 반한다. 빠른 속도로 서로에게 빠져드는 둘.그러나 이들 앞에 놓인 장벽에 막혀 이별하게 된다. 24살, ‘앨리’는 우연히 신문에서 ‘노아’의 소식을 접하고 잊을 수 없는 첫사랑 앞에서 다시 한 번 선택의 기로에 서게 되는데… 열일곱의 설렘, 스물넷의 아픈 기억, 그리고 마지막까지… 한 사람을 지극히 사랑했으니 내 인생은 성공한 인생입니다"
39,곡성(哭聲),7,드라마,"낯선 외지인(쿠니무라 준)이 나타난 후 벌어지는 의문의 연쇄 사건들로 마을이 발칵 뒤집힌다. 경찰은 집단 야생 버섯 중독으로 잠정적 결론을 내리지만 모든 사건의 원인이 그 외지인 때문이라는 소문과 의심이 걷잡을 수 없이 퍼져 나간다. 경찰 ‘종구’(곽도원)는 현장을 목격했다는 여인 ‘무명’(천우희)을 만나면서 외지인에 대한 소문을 확신하기 시작한다. 딸 ‘효진’(김환희)이 피해자들과 비슷한 증상으로 아파오기 시작하자 다급해진 ‘종구’. 외지인을 찾아 난동을 부리고, 무속인 ‘일광’(황정민)을 불러들이는데..."
40,아일라,9,액션,"1950년 한국전쟁에 파병된 ‘슐레이만’은 칠흑 같은 어둠 속 홀로 남겨진 5살 소녀를 발견한다.전쟁과 부모를 잃은 충격 속에 말을 잃은 소녀. ‘슐레이만’은 소녀에게 터키어로 ‘달’이라는 뜻의 ‘아일라’라는 이름을 지어주고 함께 부대로 향한다. 서로에게 무엇과도 바꿀 수 없는 가장 소중한 존재가 된 두 사람. 그러나 행복도 잠시, ‘슐레이만’은 종전과 함께 고국으로 돌아가라는 명령을 받게 되고, ‘아일라’를 끝까지 지켜내기 위해 모두의 반대 속에 자신의 선택을 감행하게 되는데…전 세계를 감동시킨 위대한 이야기가 찾아온다!"
41,분노의 질주: 더 세븐,9,액션,"거대 범죄 조직을 소탕한 뒤 전과를 사면 받고, 평범한 일상을 되찾은 도미닉(빈 디젤)과 멤버들.하지만 평화도 잠시, 한(성 강)의 갑작스러운 죽음에 이어, 도미닉의 집이 순식간에 폭파당한다.그들을 차례대로 제거하려는 최악의 상대 데카드 쇼(제이슨 스타뎀)의 등장으로도미닉은 다시 한 번 역대 최강의 멤버들을 불러모아 숨막히는 반격을 결심하는데…"
42,헝거게임:모킹제이,7,액션,"헝거게임이 끝나고 캣니스의 고향인 12구역이 캐피톨의 폭격으로 파괴되자 그녀는 절망감으로 괴로워한다. 12구역의 생존자들이 13구역에 있다는 것을 알게 된 캣니스는 반정부 세력의 중심이 된다. 어떤 공격도, 어떤 감시도 피할 수 있는 전설의 13구역을 다스리는 대통령 코인은 캣니스에게 혁명의 불꽃이자 반군의 상징인 모킹제이가 되어달라고 부탁하고, 모두의 희망이 된 캣니스는 이제 세상을 구할 반격을 시작한다."
43,너의 이름은.,8,드라마,"아직 만난 적 없는 너를, 찾고 있어천년 만에 다가오는 혜성기적이 시작된다도쿄에 사는 소년 ‘타키’와 시골에 사는 소녀 ‘미츠하’는서로의 몸이 뒤바뀌는 신기한 꿈을 꾼다낯선 가족, 낯선 친구들, 낯선 풍경들...반복되는 꿈과 흘러가는 시간 속, 마침내 깨닫는다우리, 서로 뒤바뀐 거야?절대 만날 리 없는 두 사람반드시 만나야 하는 운명이 되다서로에게 남긴 메모를 확인하며점점 친구가 되어가는 ‘타키’와 ‘미츠하’언제부턴가 더 이상 몸이 바뀌지 않자자신들이 특별하게 이어져있었음을 깨달은‘타키’는 ‘미츠하’를 만나러 가는데...잊고 싶지 않은 사람잊으면 안 되는 사람너의 이름은?"
44,해리 포터와 마법사의 돌,9,액션,"해리 포터(다니엘 래드클리프 분)는 위압적인 버논 숙부(리챠드 그리피스 분)와 냉담한 이모 페투니아 (피오나 쇼 분), 욕심 많고 버릇없는 사촌 더즐리(해리 멜링 분) 밑에서 갖은 구박을 견디며 계단 밑 벽장에서 생활한다. 이모네 식구들 역시 해리와의 동거가 불편하기는 마찬가지. 이모 페투니아에겐 해리가 이상한(?) 언니 부부에 관한 기억을 떠올리게 만드는 달갑지 않은 존재다. 11살 생일이 며칠 앞으로 다가왔지만 한번도 생일파티를 치르거나 제대로 된 생일선물을 받아 본 적이 없는 해리로서는 특별히 신날 것도 기대 할 것도 없다. 11살 생일을 며칠 앞둔 어느 날 해리에게 초록색 잉크로 쓰여진 한 통의 편지가 배달된다. 그 편지의 내용은 다름 아닌 해리의 11살 생일을 맞이하여 전설적인“호그와트 마법학교”에서 보낸 입학초대장이었다. 그리고 해리의 생일을 축하하러 온 거인 해그리드는 해리가 모르고 있었던 해리의 진정한 정체를 알려주는데. 그것은 바로 해리가 굉장한 능력을 지닌 마법사라는 것! 해리는 해그리드의 지시대로 자신을 구박하던 이모네 집을 주저없이 떠나 호그와트행을 택한다. 런던의 킹스크로스 역에 있는 비밀의 9와 3/4 승장장에서 호그와트 특급열차를 탄 해리는 열차 안에서 같은 호그와트 마법학교 입학생인 헤르미온느 그레인저(엠마 왓슨 분)와 론 위즐리 (루퍼트 그린트 분)를 만나 친구가 된다. 이들과 함께 호그와트에 입학한 해리는, 놀라운 모험의 세계를 경험하며 갖가지 신기한 마법들을 배워 나간다. 또한 빗자루를 타고 공중을 날아다니며 경기하는 스릴 만점의 퀴디치 게임에서 스타로 탄생하게 되며, 용, 머리가 셋 달린 개, 유니콘, 켄타우루스, 히포그리프(말 몸에 독수리 머리와 날개를 가진 괴물)등 신비한 동물들과 마주치며 모험을 즐긴다. 그러던 어느 날 해리는 호그와트 지하실에 `영원한 생을 가져다주는 마법사의 돌'이 비밀리에 보관되어 있다는 것을 알게되고, 해리의 부모님을 죽인 볼드모트가 그 돌을 노린다는 사실도 알게 된다. 볼드모트는 바로 해리를 죽이려다 실패하고 이마에 번개모양의 흉터를 남긴 장본인이다. 해리는 볼드모트로부터 마법의 돌과 호그와트 마법학교를 지키기 위해 필사의 노력을 하는데..."
46,내 이야기!!,9,코미디,"남자에게는 인기만점, 여자에게는 인기빵점고릴라 같은 외모의 소년 ‘타케오’에게어느 날, 운명 같은 첫사랑이 시작된다.하지만 잘 생긴 것들이 난무하는 이 세상!나를 좋아해줄까? VS 아니, 절대 그럴리 없어차마 '좋아한다'는 고백은 입 밖으로 꺼내지 못한 채절친 ‘스나카와’와 함께 매일 그녀의 주위를 맴돌게 되는데…과연 소년의 첫사랑은 이뤄질까?"
47,스타 이즈 본,9,드라마,"노래에 놀라운 재능을 가졌지만 외모에는 자신이 없는 무명가수 앨리(레이디 가가)는공연을 하던 바에서 우연히 톱스타 잭슨 메인(브래들리 쿠퍼)을 만나게 된다.자신의 모든 것을 사랑해주는 잭슨의 도움으로 앨리는 자기 안의 열정을 폭발시키며 최고의 스타로 거듭나지만,잭슨은 어린 시절의 상처와 예술가적 고뇌 속에서 점점 무너져가는데…"
48,위대한 쇼맨,9,드라마,"쇼 비즈니스의 창시자이자, 꿈의 무대로 전세계를 매료시킨 남자‘바넘’의 이야기에서 영감을 받아 탄생한 오리지널 뮤지컬 영화 . 이후 다시 뮤지컬 영화로 돌아온 휴 잭맨부터 잭 에프론, 미셸 윌리엄스, 레베카 퍼거슨, 젠다야까지할리우드 최고의 배우들이 합류해 환상적인 앙상블을 선보인다.여기에  제작진과  작사팀의 합류로더욱 풍성해진 비주얼과 스토리, 음악까지 선보일 은‘우리는 누구나 특별하다’는 메시지로 관객들에게 재미는 물론, 감동까지 선사할 것이다.THIS IS ME! 우리는 누구나 특별하다!"
52,비긴 어게인,9,코미디,"싱어송라이터인 ‘그레타’(키이라 나이틀리)는 남자친구 ‘데이브’(애덤 리바인)가 메이저 음반회사와 계약을 하게 되면서 뉴욕으로 오게 된다. 그러나 행복도 잠시, 오랜 연인이자 음악적 파트너로서 함께 노래를 만들고 부르는 것이 좋았던 그레타와 달리 스타가 된 데이브의 마음은 어느새 변해버린다. 스타 음반프로듀서였지만 이제는 해고된 ‘댄’(마크 러팔로)은 미치기 일보직전 들른 뮤직바에서 그레타의 자작곡을 듣게 되고 아직 녹슬지 않은 촉을 살려 음반제작을 제안한다. 거리 밴드를 결성한 그들은 뉴욕의 거리를 스튜디오 삼아 진짜로 부르고 싶었던 노래를 만들어가는데…"
53,아델라인 : 멈춰진 시간,8,드라마,"우연한 사고 이후 영원히 늙지 않게 된 아델라인은 올해로 107세가 됐지만, 여전히 29세의 미모를 간직하고 있다.자신의 정체를 수상하게 여기는 사람들을 피해 10년마다 신분과 거주지를 바꾸며 외롭게 살아가던 아델라인은 새해 전야 파티에서 만난 엘리스와 사랑에 빠지게 된다.자신의 삶을 저주라고 생각하는 아델라인은 그에게 자신의 비밀을 고백하려 하는데…시간이 멈춘 아델라인의 사랑은 다시 시작 될 수 있을까?"
54,울지마 톤즈,9,다큐멘터리,"2010년 2월, 아프리카 수단 남쪽의 작은 마을 톤즈. 남 수단의 자랑인 톤즈 브라스 밴드가 마을을 행진했다. 선두에선 소년들은 한 남자의 사진을 들고 있고 있었다. 환하게 웃고 있는 사진 속 한 남자… 마을 사람들은 톤즈의 아버지였던 그의 죽음이 믿기지 않는다며 눈물을 흘렸다. 그들은 세계에서 가장 키가 큰 딩카족이다. 남과 북으로 나뉜 수단의 오랜 내전 속에서 그들의 삶은 분노와 증오 그리고 가난과 질병으로 얼룩졌다. 목숨을 걸고 가족과 소를 지키기 위해 싸우는 딩카족. 강인함과 용맹함의 상징인 종족 딩카족에게 눈물은 가장 큰 수치다. 무슨 일이 있어도 눈물을 보이지 않던 그들이 울고 말았다. 모든 것이 메마른 땅 톤즈에서 눈물의 배웅을 받으며 이 세상 마지막 길을 떠난 사람, 마흔 여덟의 나이로 짧은 생을 마감한 故 이태석 신부다. 톤즈의 아버지이자, 의사였고, 선생님, 지휘자, 건축가였던 쫄리 신부님, 이태석… 자신의 모든 것을 바쳐 온몸 다해 그들을 사랑했던 헌신적인 그의 삶이 스크린에서 펼쳐진다."
56,레디 플레이어 원,8,액션,"2045년, 암울한 현실과 달리 가상현실 오아시스(OASIS)에서는 누구든 원하는 캐릭터로 어디든지 갈 수 있고, 뭐든지 할 수 있고 상상하는 모든 게 가능하다. 웨이드 와츠(타이 쉐리던) 역시 유일한 낙은 대부분의 사람들이 하루를 보내는 오아시스에 접속하는 것이다. 어느 날 오아시스의 창시자인 괴짜 천재 제임스 할리데이(마크 라이런스)는 자신이 가상현실 속에 숨겨둔 3개의 미션에서 우승하는 사람에게 오아시스의 소유권과 막대한 유산을 상속한다는 유언을 남기고, 그가 사랑했던 80년대 대중문화 속에 힌트가 있음을 알린다. 제임스 할리데이를 선망했던 소년 ‘웨이드 와츠’가 첫 번째 수수께끼를 푸는 데 성공하자 이를 저지하기 위해 현실에서 살인도 마다하지 않는 ‘IOI’라는 거대 기업이 뛰어든다.모두의 꿈과 희망이 되는 오아시스를 지키기 위해서는 반드시 우승해야 한다!그리고 우승을 위해서는 가상현실이 아닌 현실세계의 우정과 사랑의 힘이 필요하기만 한데…"
57,바람의 검심 : 교토 대화재편,8,액션,"세상을 뒤흔들 반란을 계획하고 있는 절대악 시시오와 그의 부하 십본도를 저지하기 위해 교토까지 온 히무라 켄신 (사토 타케루). 한때 켄신의 자리를 이어받아 유신지사로 활동했던 시시오가 정부에 배신당하고 반란을 일으킨 것이다. 시시오 일당에 맞서던 켄신은 십본도의 세타 소지로 (카미키 류노스케)에 의해 역날검이 반토막이 나게 되고, 나라와 자신의 곁을 지키는 사람들이 절체절명의 위험에 빠지고 심지어 유일한 무기였던 역날검마저 쓸 수 없게 되면서 최대의 궁지에 몰리게 된다. 불살을 맹세했던 켄신은 부러진 역날검을 들고 최강의 절대악인 시시오와 맞서 일생일대의 마지막 결전을 앞두게 되는데.."
58,애프터,7,드라마,"첫 끌림대학 입학 후 첫 파티에 초대 받게 된 신입생 ‘테사’는진실게임을 하던 중 키스 벌칙에 걸리고 만다.상대는 학교에서 유명한 반항아 ‘하딘’.키스를 앞둔 0.1초 전, 모두가 주목하는 그 순간‘테사’는 ‘하딘’의 입술을 거절하고 만다.첫 사랑강렬했던 첫 만남 이후, 마치 새로운 세상을 발견한 듯한번도 경험한 적 없던 감정에 눈을 뜨게 된 두 사람.‘하딘’은 자신의 비밀 장소로 ‘테사’를 초대하고이제 두 사람은 서로를 모르기 전으로 절대 되돌아 갈 수 없음을 알게 되는데…첫 경험 그리고 "
59,겨울왕국 2,8,액션,"어느 날 부턴가 의문의 목소리가 엘사를 부르고, 평화로운 아렌델 왕국을 위협한다.트롤은 모든 것은 과거에서 시작되었음을 알려주며 엘사의 힘의 비밀과 진실을 찾아 떠나야한다고 조언한다. 위험에 빠진 아렌델 왕국을 구해야만 하는 엘사와 안나는 숨겨진 과거의 진실을 찾아크리스토프, 올라프 그리고 스벤과 함께 위험천만한 놀라운 모험을 떠나게 된다.자신의 힘을 두려워했던 엘사는 이제 이 모험을 헤쳐나가기에 자신의 힘이 충분하다고 믿어야만 하는데…두려움을 깨고 새로운 운명을 만나다!"
60,캡틴 마블,6,액션,"1995년, 공군 파일럿 시절의 기억을 잃고크리족 전사로 살아가던 캐럴 댄버스(브리 라슨)가 지구에 불시착한다.쉴드 요원 닉 퓨리(사무엘 L. 잭슨)에게 발견되어 팀을 이룬 그들은지구로 향하는 더 큰 위협을 감지하고힘을 합쳐 전쟁을 끝내야 하는데…"
61,이프 온리,9,코미디,"눈앞에서 사랑하는 연인을 잃은 남자는 다음 날 아침, 자신의 옆에서 자고 있는 연인을 보고 소스라치게 놀란다. 기쁨도 잠시, 정해진 운명은 바꿀 수 없단 것을 깨달은 그는 더 늦기 전에 자신의 진정한 사랑을 전하기로 마음먹는데…네가 아니었다면 난 영영 사랑을 몰랐을 거야사랑하는 법을 알게 해줘서 고마워, 사랑받는 법도."
62,내가 죽기를 바라는 자들,7,액션,"화재 현장에서 세 명의 아이를 구하지 못한 죄책감과 트라우마로 감시탑에 배정된공수소방대원 한나는 거대 범죄의 증거를 가지고 도주 중인 소년을 만난다.한편 소년을 쫓던 두 명의 킬러는 사람들의 눈을 돌리기 위해 불을 내고 삽시간에 번져가는데…죽이려는 자와 지키려는 자, 거대한 불길 속에서 치닫는 생사를 건 대결.그날 밤, 삶과 죽음이 타오르는 불길 속에 모두가 있었다!"
63,그린 북,9,드라마,"1962년 미국, 입담과 주먹만 믿고 살아가던 토니 발레롱가(비고 모텐슨)는 교양과 우아함 그 자체인천재 피아니스트 돈 셜리(마허샬라 알리) 박사의 운전기사 면접을 보게 된다.백악관에도 초청되는 등 미국 전역에서 콘서트 요청을 받으며 명성을 떨치고 있는 돈 셜리는위험하기로 소문난 미국 남부 투어 공연을 떠나기로 결심하고,투어 기간 동안 자신의 보디가드 겸 운전기사로 토니를 고용한다.거친 인생을 살아온 토니 발레롱가와 교양과 기품을 지키며 살아온 돈 셜리 박사.생각, 행동, 말투, 취향까지 달라도 너무 다른 두 사람은그들을 위한 여행안내서 ‘그린북’에 의존해 특별한 남부 투어를 시작하는데…"
64,베놈,7,액션,"진실을 위해서라면 몸을 사리지 않는 정의로운 열혈 기자 '에디 브록'거대 기업 라이프 파운데이션의 뒤를 쫓던 그는이들의 사무실에 잠입했다가 실험실에서외계 생물체 '심비오트'의 기습 공격을 받게 된다.'심비오트'와 공생하게 된 '에디 브록'은마침내 한층 강력한 '베놈'으로 거듭나고,악한 존재만을 상대하려는 '에디 브록'의 의지와 달리'베놈'은 난폭한 힘을 주체하지 못하는데…!지배할 것인가, 지배당할 것인가"
65,모아나,9,액션,"모든 것이 완벽했던 모투누이 섬이 저주에 걸리자바다가 선택한 소녀 모아나는 섬을 구하기 위해 머나먼 항해를 떠난다. 저주를 풀기 위해서는 오직 신이 선택한 전설의 영웅 마우이의 힘이 필요한 상황!모아나는 마우이를 우여곡절 끝 설득해, 운명적 모험을 함께 떠나는데…바다가 부르면 운명적 모험이 시작된다!"
67,인사이드 아웃,9,코미디,"모든 사람의 머릿속에 존재하는 감정 컨트롤 본부그곳에서 불철주야 열심히 일하는 기쁨, 슬픔, 버럭, 까칠, 소심 다섯 감정들.이사 후 새로운 환경에 적응해야 하는 ‘라일리’를 위해그 어느 때 보다 바쁘게 감정의 신호를 보내지만우연한 실수로 ‘기쁨’과 ‘슬픔’이 본부를 이탈하게 되자'라일리’의 마음 속에 큰 변화가 찾아온다.'라일리'가 예전의 모습을 되찾기 위해서는 ‘기쁨’과 ‘슬픔’이 본부로 돌아가야만 한다!그러나 엄청난 기억들이 저장되어 있는 머릿속 세계에서 본부까지 가는 길은 험난하기만 한데…과연,  ‘라일리’는 다시 행복해질 수 있을까?지금 당신의 머릿속에서 벌어지는 놀라운 일!하루에도 몇번씩 변하는 감정의 비밀이 밝혀진다!"
68,시카고,8,액션,"화려한 무대 위 스타가 되길 꿈꾸는 ‘록시’는 우발적인 살인으로 교도소에 수감된다. 그곳에서 만난 매혹적인 시카고 최고의 디바 ‘벨마’는 승률 100%의 변호사 ‘빌리’와 무죄 석방을 위한 계획을 짜고 있다. ‘빌리’는 법정을 하나의 무대로 탈바꿈시키는 쇼 비즈니스의 대가로, 자극적인 사건에 불나방처럼 모여드는 언론의 속성을 교묘하게 이용한다. ‘록시’ 또한 ‘빌리’의 흥미를 끌어 자신의 변호를 맡기게 되고,평범한 가수 지망생에 불과했던 ‘록시’는 신문의 1면을 장식하며 일약 스타덤에 오르게 되는데…“그건 살인이었지만, 범죄는 아니야”그들의 쇼는 이미 시작됐다!"
69,원더,9,드라마,"누구보다 위트 있고 호기심 많은 매력 부자 ‘어기'(제이콥 트렘블레이).하지만 남들과 다른 외모로 태어난 ‘어기'는 모두가 좋아하는 크리스마스 대신 얼굴을 감출 수 있는 할로윈을 더 좋아한다.10살이 된 아들에게 더 큰 세상을 보여주고 싶었던 엄마 ‘이사벨’(줄리아 로버츠)과 아빠 ‘네이트’(오웬 윌슨)는 ‘어기'를 학교에 보낼 준비를 하고, 동생에게 모든 것을 양보해왔지만 누구보다 그를 사랑하는 누나 ‘비아'도 ‘어기'의 첫걸음을 응원해준다.그렇게 가족이 세상의 전부였던 ‘어기'는 처음으로 헬멧을 벗고 낯선 세상에 용감하게 첫발을 내딛지만 첫날부터 ‘남다른 외모'로 화제의 주인공이 되고, 사람들의 시선에 큰 상처를 받는다.그러나 ‘어기'는 27번의 성형(?)수술을 견뎌낸 긍정적인 성격으로 다시 한번 용기를 내고, 주변 사람들도 하나둘 변하기 시작하는데..."
70,리틀 포레스트,8,드라마,"시험, 연애, 취업… 뭐하나 뜻대로 되지 않는 일상을 잠시 멈추고고향으로 돌아온 혜원은 오랜 친구인 재하와 은숙을 만난다 남들과는 다른, 자신만의 삶을 살기 위해 고향으로 돌아온 ‘재하’, 평범한 일상에서의 일탈을 꿈꾸는 ‘은숙’과 함께직접 키운 농작물로 한끼 한끼를 만들어 먹으며겨울에서 봄, 그리고 여름, 가을을 보내고 다시 겨울을 맞이하게 된 혜원. 그렇게 특별한 사계절을 보내며 고향으로 돌아온 진짜 이유를 깨닫게 된 혜원은 새로운 봄을 맞이하기 위한 첫 발을 내딛는데…"
71,1987,9,드라마,"1987년 1월, 경찰 조사를 받던 스물두 살 대학생이 사망한다.증거인멸을 위해 박처장(김윤석)의 주도 하에 경찰은 시신 화장을 요청하지만, 사망 당일 당직이었던 최검사(하정우)는 이를 거부하고 부검을 밀어붙인다.단순 쇼크사인 것처럼 거짓 발표를 이어가는 경찰. 그러나 현장에 남은 흔적들과 부검 소견은 고문에 의한 사망을 가리키고, 사건을 취재하던 윤기자(이희준)는 ‘물고문 도중 질식사’를 보도한다. 이에 박처장은 조반장(박희순)등 형사 둘만 구속시키며 사건을 축소하려 한다.한편, 교도소에 수감된 조반장을 통해 사건의 진상을 알게 된 교도관 한병용(유해진)은 이 사실을 수배 중인 재야인사에게 전달하기 위해 조카인 연희(김태리)에게 위험한 부탁을 하게 되는데…한 사람이 죽고, 모든 것이 변화하기 시작했다.모두가 뜨거웠던 1987년의 이야기."
73,태극기 휘날리며,9,액션,"가족의 생계를 책임지기 위해 열심히 살아가는 ‘진태’(장동건)는 약혼녀 ‘영신’(이은주)과의 결혼과, 세상에서 가장 소중하게 생각하는 동생 ‘진석’(원빈)의 대학진학을 위해 어려운 상황에서도 씩씩하게 생활을 해나간다.1950년 6월의 어느 날, 한반도에 전쟁이 일어났다는 호회가 배포되고, 두 형제는 평온한 일상에서 갑작스레 전쟁터로 내몰린다. 훈련받을 시간조차 없이 국군 최후의 보루인 낙동강 방어선으로 실전 투입된 ‘진태’와 ‘진석’. 동생과 같은 소대에 배치된 ‘진태’는 아직 학생인 동생의 징집해제를 위해 대대장을 만나게 되고, 동생의 제대를 위해 자신이 해야 할 최선의 것이 무엇인지를 느끼게 된다.그리고 동생의 생존을 위해 총을 들며 영웅이 되기를 자처하게 되고,끝내 생각지도 못한 운명의 덫이 두 형제를 기다리고 있는데…"
74,소년시절의 너,9,액션,"시험만 잘 치면 멋진 인생을 살 수 있다고 가르치는 세상에서기댈 곳 없이 세상에 내몰린 우등생 소녀 ‘첸니엔’과 양아치 소년 ‘베이’.비슷한 상처와 외로움에 끌려 서로에게 의지하게 된 두 사람은수능을 하루 앞둔 어느 날, ‘첸니엔’의 삶을 뒤바꿔버릴 거대한 사건에 휘말리게 된다.‘첸니엔’만은 평범하고 행복하게 살길 바라는 ‘베이’는그녀의 그림자가 되어 모든 것을 해결하기로 마음 먹는데…“고마워. 내 세상의 전부, 소년시절의 너.”"
76,하울의 움직이는 성,9,애니메이션,"어느 날, 영문도 모른 채 마녀의 저주로 인해 할머니가 된 소녀 '소피'절망 속에서 길을 걷다가 거대한 마법의 성에 들어가게 된다. 그곳에서 자신과 마법사 하울의 계약을 깨주면 저주를 풀어주겠다는 불꽃악마 캘시퍼의 제안을 받고 청소부가 되어 ‘움직이는 성’에 머물게 되는데…"
77,101마리의 달마시안 개,9,액션,악녀 크루엘라 드빌의 하수인에 달마시안 강아지들이 납치되고 강아지들의 부모인 퐁고와 미시는 강아지들이 악녀에게 희생되기 전에 어떻게든 찾아야만 하는데…. 1961년 월트 디즈니가 제작한 <101마리 달마시안>은 1956년 도디 스미스의 소설을 원작으로 한 애니메이션이다. [제22회 부산국제영화제]
78,나의 히어로 아카데미아 더 무비: 두 명의 히어로,9,애니메이션,"모두가 ‘개성’이라는 초능력을 가진 세계, 여기에 ‘무개성’의 소년이 있었다!하지만 소년은 ‘개성’ 대신 히어로가 될 조건을 가지고 있었는데…NO.1 히어로 ‘올마이트’의 뒤를 잇는 새로운 영웅 탄생개성이 없어도, 넌 세상을 빛낼 히어로가 될 수 있다!"
